,City,Latitude,Longitude,Max Temp,Humidity,Cloudiness,Wind Speed,Country,Date,Temp
0,morehead,37.27,-87.18,89.6,59,1,4.7,US,08/10/20,88.77
1,busselton,-33.65,115.33,55.99,78,98,19.86,AU,08/10/20,54.03
2,ponta do sol,32.67,-17.1,77.0,65,40,14.99,PT,08/10/20,72.68
3,kailua,21.4,-157.74,77.0,69,40,10.29,US,08/10/20,75.83
4,lebu,-37.62,-73.65,48.88,60,28,16.37,CL,08/10/20,48.88
5,hermanus,-34.42,19.23,57.0,79,5,13.8,ZA,08/10/20,57.0
6,mataura,-46.19,168.86,46.99,91,83,8.99,NZ,08/10/20,46.99
7,sinazongwe,-17.26,27.46,73.18,37,0,3.09,ZM,08/10/20,73.18
8,andenes,69.31,16.12,57.2,71,40,5.82,NO,08/10/20,57.2
9,punta arenas,-53.15,-70.92,32.0,74,40,20.8,CL,08/10/20,32.0
10,tezu,27.92,96.17,76.57,86,100,2.64,IN,08/10/20,76.57
11,eregli,37.51,34.05,78.62,35,94,3.94,TR,08/10/20,78.62
12,wairoa,-39.03,177.37,42.01,82,84,4.0,NZ,08/10/20,42.01
13,albany,42.6,-73.97,88.0,61,3,2.24,US,08/10/20,85.8
14,hilo,19.73,-155.09,71.6,78,90,4.7,US,08/10/20,66.87
15,arraial do cabo,-22.97,-42.03,82.4,48,0,16.11,BR,08/10/20,82.4
16,puerto ayora,-0.74,-90.35,73.4,73,40,16.11,EC,08/10/20,69.96
17,rikitea,-23.12,-134.97,69.84,74,47,19.33,PF,08/10/20,69.84
18,ushuaia,-54.8,-68.3,33.8,74,75,3.36,AR,08/10/20,33.8
19,avarua,-21.21,-159.78,69.8,77,0,4.7,CK,08/10/20,69.8
20,longyearbyen,78.22,15.64,48.2,81,75,10.29,SJ,08/10/20,48.2
21,nagato,34.38,131.2,84.2,94,75,6.93,JP,08/10/20,77.56
22,murgab,37.5,61.97,91.4,31,0,4.7,TM,08/10/20,91.4
23,atuona,-9.8,-139.03,78.85,68,4,20.45,PF,08/10/20,78.85
24,fortuna,40.6,-124.16,60.01,85,0,1.99,US,08/10/20,59.68
25,sinnamary,5.38,-52.95,83.21,79,10,11.18,GF,08/10/20,83.21
26,khatanga,71.97,102.5,42.17,74,32,6.33,RU,08/10/20,42.17
27,saint-augustin,51.23,-58.65,72.39,63,13,14.43,CA,08/10/20,72.39
28,barrow,71.29,-156.79,39.2,93,90,9.17,US,08/10/20,39.2
29,westport,41.14,-73.36,91.0,66,1,8.05,US,08/10/20,86.29
30,changli,39.7,119.15,72.45,87,0,0.96,CN,08/10/20,72.45
31,chokurdakh,70.63,147.92,38.82,74,100,6.24,RU,08/10/20,38.82
32,coihaique,-45.58,-72.07,41.0,48,40,4.7,CL,08/10/20,41.0
33,minggang,32.46,114.05,77.95,93,18,2.86,CN,08/10/20,77.95
34,pisco,-13.7,-76.22,62.01,87,90,5.82,PE,08/10/20,61.34
35,nikolskoye,59.7,30.79,68.0,45,40,15.66,RU,08/10/20,65.25
36,provideniya,64.38,-173.3,49.51,92,97,6.4,RU,08/10/20,49.51
37,kapaa,22.08,-159.32,78.8,69,1,19.46,US,08/10/20,73.72
38,saint george,37.1,-113.58,87.01,14,1,5.82,US,08/10/20,84.27
39,thompson,55.74,-97.86,59.0,93,75,10.29,CA,08/10/20,59.0
40,mayo,38.89,-76.51,91.0,83,1,8.05,US,08/10/20,87.17
41,asau,46.43,26.4,66.99,82,98,2.77,RO,08/10/20,66.99
42,yellowknife,62.46,-114.35,64.4,77,75,11.41,CA,08/10/20,63.43
43,oulainen,64.27,24.8,59.0,71,21,3.0,FI,08/10/20,59.0
44,lata,40.16,-8.33,75.99,69,84,4.0,PT,08/10/20,73.31
45,new norfolk,-42.78,147.06,35.01,90,0,3.06,AU,08/10/20,34.0
46,flinders,-34.58,150.86,53.01,85,55,1.01,AU,08/10/20,51.73
47,palembang,-2.92,104.75,75.65,95,73,3.47,ID,08/10/20,75.65
48,manaure,11.78,-72.44,92.12,48,94,20.13,CO,08/10/20,92.12
49,teguise,29.06,-13.56,80.6,57,20,20.8,ES,08/10/20,80.6
50,guatire,10.48,-66.54,79.0,63,84,4.0,VE,08/10/20,78.01
51,kodiak,57.79,-152.41,52.11,76,0,7.52,US,08/10/20,52.11
52,mount isa,-20.73,139.5,44.6,70,0,7.83,AU,08/10/20,44.6
53,tupik,54.43,119.93,53.53,89,64,3.83,RU,08/10/20,53.53
54,hobart,-42.88,147.33,35.6,93,0,8.05,AU,08/10/20,34.45
55,dikson,73.51,80.55,40.84,94,73,16.62,RU,08/10/20,40.84
56,beringovskiy,63.05,179.32,50.56,88,14,10.67,RU,08/10/20,50.56
57,barahona,18.21,-71.1,89.6,66,40,11.41,DO,08/10/20,89.6
58,victoria,22.29,114.16,84.99,80,100,10.49,HK,08/10/20,83.19
59,chuy,-33.7,-53.46,71.22,68,18,9.62,UY,08/10/20,71.22
60,mahebourg,-20.41,57.7,68.0,68,40,9.17,MU,08/10/20,68.0
61,ancud,-41.87,-73.82,46.99,81,40,5.82,CL,08/10/20,44.67
62,warburton,31.55,73.83,84.2,83,40,16.11,PK,08/10/20,84.2
63,faanui,-16.48,-151.75,77.72,66,2,8.23,PF,08/10/20,77.72
64,bagdarin,54.43,113.6,54.12,85,100,2.89,RU,08/10/20,54.12
65,vaini,-21.2,-175.2,71.6,78,40,5.82,TO,08/10/20,71.6
66,kochi,9.94,76.26,77.0,94,75,1.74,IN,08/10/20,77.0
67,cape town,-33.93,18.42,57.99,82,40,14.99,ZA,08/10/20,57.34
68,college,64.86,-147.8,53.6,76,90,3.36,US,08/10/20,51.24
69,mar del plata,-38.0,-57.56,55.99,66,40,12.75,AR,08/10/20,53.76
70,rethimnon,35.36,24.47,82.99,61,20,9.17,GR,08/10/20,81.84
71,luderitz,-26.65,15.16,62.6,63,0,17.22,NA,08/10/20,62.6
72,butaritari,3.07,172.79,82.15,77,97,14.94,KI,08/10/20,82.15
73,toamasina,-18.17,49.38,65.82,76,27,2.71,MG,08/10/20,65.82
74,acapulco,16.86,-99.89,86.0,74,90,5.82,MX,08/10/20,86.0
75,arlit,18.74,7.39,97.38,33,67,7.25,NE,08/10/20,97.38
76,cayenne,4.93,-52.33,86.0,79,34,14.99,GF,08/10/20,86.0
77,severo-kurilsk,50.68,156.12,50.36,90,45,3.24,RU,08/10/20,50.36
78,anadyr,64.75,177.48,51.8,76,20,4.47,RU,08/10/20,51.35
79,kavieng,-2.57,150.8,81.45,72,54,2.59,PG,08/10/20,81.45
80,gornyy,55.12,83.91,64.11,77,3,3.42,RU,08/10/20,64.11
81,naze,28.37,129.48,84.2,89,75,6.93,JP,08/10/20,84.2
82,clyde river,70.47,-68.59,42.8,81,90,13.87,CA,08/10/20,42.8
83,upernavik,72.79,-56.15,41.63,70,5,6.4,GL,08/10/20,41.63
84,emerald,-23.53,148.17,51.8,66,0,9.17,AU,08/10/20,51.46
85,mayor pablo lagerenza,-19.93,-60.77,97.48,19,0,16.02,PY,08/10/20,97.48
86,kigoma,-4.88,29.63,75.69,60,0,3.96,TZ,08/10/20,75.69
87,castro,-24.79,-50.01,73.51,44,0,8.63,BR,08/10/20,73.51
88,quatre cocos,-20.21,57.76,68.0,68,40,9.17,MU,08/10/20,67.48
89,meulaboh,4.14,96.13,79.47,77,100,4.14,ID,08/10/20,79.47
90,saskylakh,71.92,114.08,39.36,74,19,6.02,RU,08/10/20,39.36
91,corralillo,22.98,-80.59,87.08,71,7,14.5,CU,08/10/20,87.08
92,vila,42.03,-8.16,82.99,56,100,8.01,PT,08/10/20,82.99
93,qaanaaq,77.48,-69.36,42.62,59,61,7.16,GL,08/10/20,42.62
94,lagoa,39.05,-27.98,70.68,70,58,12.39,PT,08/10/20,70.68
95,hasaki,35.73,140.83,82.0,94,40,4.7,JP,08/10/20,79.83
96,bathsheba,13.22,-59.52,87.8,70,40,17.22,BB,08/10/20,87.8
97,havre-saint-pierre,50.23,-63.6,75.2,64,1,8.05,CA,08/10/20,75.2
98,grao mogol,-16.56,-42.89,78.73,37,1,7.81,BR,08/10/20,78.73
99,inuvik,68.35,-133.72,44.6,100,90,4.7,CA,08/10/20,44.6
100,padang,-0.95,100.35,78.24,78,63,4.27,ID,08/10/20,78.24
101,benguela,-12.58,13.41,70.29,78,12,7.38,AO,08/10/20,70.29
102,souillac,-20.52,57.52,68.0,68,40,9.17,MU,08/10/20,68.0
103,port alfred,-33.59,26.89,58.46,74,0,11.32,ZA,08/10/20,58.46
104,bonavista,48.65,-53.11,69.64,67,0,6.29,CA,08/10/20,69.64
105,ilulissat,69.22,-51.1,41.0,75,40,9.17,GL,08/10/20,41.0
106,bredasdorp,-34.53,20.04,60.8,67,0,5.82,ZA,08/10/20,60.8
107,tasiilaq,65.61,-37.64,41.0,86,90,14.99,GL,08/10/20,41.0
108,kaitangata,-46.28,169.85,48.99,63,79,8.01,NZ,08/10/20,48.99
109,truth or consequences,33.13,-107.25,91.99,22,1,8.05,US,08/10/20,88.81
110,cherskiy,68.75,161.3,38.68,87,100,17.78,RU,08/10/20,38.68
111,san felipe,10.34,-68.74,87.28,60,92,2.33,VE,08/10/20,87.28
112,nouadhibou,20.93,-17.03,78.8,65,0,20.8,MR,08/10/20,78.8
113,pastavy,55.12,26.83,69.57,81,74,6.11,BY,08/10/20,69.57
114,cidreira,-30.18,-50.21,77.36,47,0,7.52,BR,08/10/20,77.36
115,talnakh,69.49,88.4,51.8,100,90,6.71,RU,08/10/20,51.8
116,norman wells,65.28,-126.83,62.6,72,20,5.82,CA,08/10/20,62.6
117,mangrol,21.12,70.12,82.38,84,98,17.36,IN,08/10/20,82.38
118,georgetown,5.41,100.34,84.2,88,20,5.93,MY,08/10/20,83.05
119,tilichiki,60.47,166.1,49.44,91,94,4.29,RU,08/10/20,49.44
120,ust-kuyga,70.02,135.6,32.43,94,23,4.65,RU,08/10/20,32.43
121,jaragua,-15.76,-49.33,75.2,31,0,8.05,BR,08/10/20,75.2
122,mareeba,-17.0,145.43,60.8,82,0,1.12,AU,08/10/20,57.9
123,bambous virieux,-20.34,57.76,68.0,68,40,9.17,MU,08/10/20,67.53
124,cururupu,-1.83,-44.87,88.34,54,32,6.67,BR,08/10/20,88.34
125,lang son,21.83,106.73,78.44,91,100,3.87,VN,08/10/20,78.44
126,hithadhoo,-0.6,73.08,82.24,81,97,15.77,MV,08/10/20,82.24
127,umm lajj,25.02,37.27,90.43,47,43,8.72,SA,08/10/20,90.43
128,palmer,42.16,-72.33,90.0,51,20,5.82,US,08/10/20,87.89
129,biscarrosse,44.39,-1.17,78.8,65,36,9.17,FR,08/10/20,78.8
130,mogadishu,2.04,45.34,75.79,77,40,17.81,SO,08/10/20,75.79
131,jerusalem,31.77,35.22,70.0,83,87,13.0,IL,08/10/20,70.0
132,tulagi,-9.1,160.15,77.0,94,40,2.24,SB,08/10/20,77.0
133,nome,64.5,-165.41,35.6,80,1,3.36,US,08/10/20,35.6
134,eyl,7.98,49.82,77.56,65,10,29.08,SO,08/10/20,77.56
135,pudozh,61.81,36.53,58.19,84,100,5.14,RU,08/10/20,58.19
136,kruisfontein,-34.0,24.73,57.99,61,0,0.69,ZA,08/10/20,57.99
137,deputatskiy,69.3,139.9,31.01,97,81,2.55,RU,08/10/20,31.01
138,uthal,25.81,66.62,86.18,80,81,9.4,PK,08/10/20,86.18
139,te anau,-45.42,167.72,39.67,86,32,4.23,NZ,08/10/20,39.67
140,jamestown,42.1,-79.24,84.0,65,40,12.75,US,08/10/20,82.69
141,brae,60.4,-1.35,59.0,82,75,8.05,GB,08/10/20,59.0
142,saint-francois,46.42,3.91,82.4,54,41,8.05,FR,08/10/20,82.4
143,klaksvik,62.23,-6.59,55.4,93,75,11.41,FO,08/10/20,55.4
144,shenjiamen,29.96,122.3,80.11,91,9,18.92,CN,08/10/20,80.11
145,mount gambier,-37.83,140.77,50.0,76,100,8.05,AU,08/10/20,50.0
146,praia da vitoria,38.73,-27.07,77.0,65,20,13.51,PT,08/10/20,77.0
147,kentau,43.52,68.51,80.4,27,0,11.18,KZ,08/10/20,80.4
148,ribeira grande,38.52,-28.7,78.8,50,20,18.34,PT,08/10/20,78.8
149,beli potok,44.71,20.52,84.2,65,38,3.36,RS,08/10/20,82.35
150,isangel,-19.55,169.27,73.29,78,56,6.46,VU,08/10/20,73.29
151,chapais,49.78,-74.85,77.0,61,1,13.87,CA,08/10/20,77.0
152,ikwiriri,-7.96,38.97,70.27,79,38,4.88,TZ,08/10/20,70.27
153,saint-philippe,-21.36,55.77,66.99,63,75,4.7,RE,08/10/20,62.37
154,laje,-10.18,-40.97,82.56,36,18,12.33,BR,08/10/20,82.56
155,steinbach,50.17,8.57,93.2,30,20,6.93,DE,08/10/20,92.01
156,bintulu,3.17,113.03,77.0,100,20,2.53,MY,08/10/20,77.0
157,axim,4.87,-2.24,76.86,78,88,9.78,GH,08/10/20,76.86
158,shizuishan,39.23,106.77,79.63,40,40,3.58,CN,08/10/20,79.63
159,rongcheng,30.63,117.85,76.28,91,54,3.83,CN,08/10/20,76.28
160,bluff,-46.6,168.33,46.99,91,93,8.99,NZ,08/10/20,46.99
161,carnarvon,-24.87,113.63,62.6,100,75,12.75,AU,08/10/20,62.6
162,hofn,64.25,-15.21,53.6,93,90,9.17,IS,08/10/20,53.6
163,krasnogorskoye,52.3,86.2,61.84,86,77,2.98,RU,08/10/20,61.84
164,sao joao da barra,-21.64,-41.05,80.6,54,20,16.11,BR,08/10/20,80.6
165,bethel,41.37,-73.41,91.0,51,1,4.07,US,08/10/20,88.25
166,caravelas,-17.71,-39.25,71.2,87,90,6.02,BR,08/10/20,71.2
167,victoria falls,-17.92,25.84,68.76,25,0,3.33,ZW,08/10/20,68.76
168,geraldton,-28.77,114.6,60.8,67,54,12.75,AU,08/10/20,60.8
169,christchurch,-43.53,172.63,43.0,92,0,3.36,NZ,08/10/20,35.92
170,airai,-8.93,125.41,58.71,100,81,1.45,TL,08/10/20,58.71
171,abakaliki,6.32,8.12,82.4,69,20,6.93,NG,08/10/20,82.4
172,ruy barbosa,-12.28,-40.49,80.19,47,78,7.92,BR,08/10/20,80.19
173,cantaura,9.31,-64.36,86.81,63,56,8.19,VE,08/10/20,86.81
174,nuuk,64.18,-51.72,44.6,75,75,5.82,GL,08/10/20,44.6
175,risor,58.72,9.23,68.0,65,33,1.01,NO,08/10/20,68.0
176,northam,51.03,-4.22,72.0,84,82,4.0,GB,08/10/20,69.69
177,rundu,-17.93,19.77,70.83,22,0,2.35,NA,08/10/20,70.83
178,oksfjord,70.24,22.35,55.4,71,90,12.75,NO,08/10/20,54.1
179,tiksi,71.69,128.87,37.24,86,74,6.02,RU,08/10/20,37.24
180,cabo san lucas,22.89,-109.91,84.0,74,75,17.22,MX,08/10/20,83.37
181,haines junction,60.75,-137.51,48.76,84,100,2.17,CA,08/10/20,48.76
182,pachino,36.72,15.09,87.01,53,3,5.14,IT,08/10/20,87.01
183,avera,33.19,-82.53,87.8,66,1,4.7,US,08/10/20,87.53
184,victor harbor,-35.57,138.62,57.0,68,100,11.23,AU,08/10/20,57.0
185,flagstaff,35.2,-111.65,81.0,17,1,13.87,US,08/10/20,78.26
186,port elizabeth,-33.92,25.57,57.2,71,0,8.05,ZA,08/10/20,57.2
187,ahipara,-35.17,173.17,56.57,94,100,12.53,NZ,08/10/20,56.57
188,hamilton,39.18,-84.53,75.2,83,75,8.05,US,08/10/20,73.47
189,pevek,69.7,170.31,41.5,89,100,4.34,RU,08/10/20,41.5
190,oistins,13.07,-59.53,87.8,70,40,17.22,BB,08/10/20,87.8
191,awash,8.98,40.17,76.5,60,51,7.2,ET,08/10/20,76.5
192,banda aceh,5.56,95.32,82.51,70,99,7.4,ID,08/10/20,82.51
193,cap malheureux,-19.98,57.61,68.0,67,80,1.99,MU,08/10/20,68.0
194,katsuura,35.13,140.3,84.0,88,7,3.0,JP,08/10/20,81.68
195,tiarei,-17.53,-149.33,75.2,73,75,4.7,PF,08/10/20,75.09
196,yerbogachen,61.28,108.01,57.29,62,0,2.24,RU,08/10/20,57.29
197,luzilandia,-3.46,-42.37,96.84,31,44,4.05,BR,08/10/20,96.84
198,smithers,54.78,-127.17,55.4,71,75,2.24,CA,08/10/20,55.4
199,amari,35.23,24.65,82.99,52,9,11.99,GR,08/10/20,80.4
200,daru,-9.08,143.21,77.58,87,37,10.51,PG,08/10/20,77.58
201,strezhevoy,60.73,77.59,66.2,77,2,6.71,RU,08/10/20,66.2
202,ahtopol,42.1,27.95,80.6,61,0,11.41,BG,08/10/20,79.7
203,springbok,-29.66,17.89,51.31,45,0,5.79,ZA,08/10/20,51.31
204,trelew,-43.25,-65.31,46.08,48,48,35.01,AR,08/10/20,46.08
205,luwuk,-0.95,122.79,77.43,79,60,2.66,ID,08/10/20,77.43
206,gushikawa,26.35,127.87,84.2,83,75,10.29,JP,08/10/20,84.13
207,bengkulu,-3.8,102.27,78.22,89,68,5.61,ID,08/10/20,78.22
208,tera,14.01,0.75,89.92,47,100,5.21,NE,08/10/20,89.92
209,novichikha,52.2,81.39,64.99,81,52,7.23,RU,08/10/20,64.99
210,mbaiki,3.87,17.99,72.95,95,99,2.59,CF,08/10/20,72.95
211,saint anthony,45.02,-93.22,73.4,56,1,9.17,US,08/10/20,72.0
212,shimoda,34.67,138.95,78.01,84,9,5.01,JP,08/10/20,78.01
213,siocon,7.71,122.14,79.59,77,94,2.73,PH,08/10/20,79.59
214,cockburn town,21.46,-71.14,81.97,79,99,16.84,TC,08/10/20,81.97
215,kutum,14.2,24.67,73.22,65,99,5.88,SD,08/10/20,73.22
216,kidal,18.44,1.41,98.31,26,51,19.82,ML,08/10/20,98.31
217,vestmanna,62.16,-7.17,55.4,93,75,11.41,FO,08/10/20,55.4
218,puerto madryn,-42.77,-65.04,44.83,55,40,36.64,AR,08/10/20,44.83
219,coquimbo,-29.95,-71.34,57.2,76,100,6.93,CL,08/10/20,57.2
220,sydney,-33.87,151.21,51.8,87,75,12.75,AU,08/10/20,50.29
221,luanda,-8.84,13.23,77.0,69,20,8.05,AO,08/10/20,77.0
222,kibaya,-5.3,36.57,63.95,61,53,9.62,TZ,08/10/20,63.95
223,aswan,24.09,32.91,102.09,14,81,9.86,EG,08/10/20,102.09
224,kefamenanu,-9.45,124.48,70.56,91,96,1.86,ID,08/10/20,70.56
225,pangnirtung,66.15,-65.71,46.4,75,90,4.7,CA,08/10/20,46.4
226,ballitoville,-29.54,31.21,60.8,63,0,3.36,ZA,08/10/20,60.8
227,manado,1.49,124.85,75.2,94,20,2.24,ID,08/10/20,75.2
228,aden,12.78,45.04,91.4,59,24,7.67,YE,08/10/20,91.4
229,rovaniemi,66.5,25.72,57.2,58,75,5.82,FI,08/10/20,57.2
230,duekoue,6.75,-7.35,79.47,78,98,1.72,CI,08/10/20,79.47
231,opuwo,-18.06,13.84,68.79,24,0,2.77,NA,08/10/20,68.79
232,vila velha,-20.33,-40.29,78.8,69,75,12.75,BR,08/10/20,77.2
233,interlaken,36.95,-121.73,72.0,87,90,3.36,US,08/10/20,63.43
234,vestmannaeyjar,63.44,-20.27,51.8,100,90,17.22,IS,08/10/20,51.8
235,shingu,33.73,135.98,78.13,91,37,3.62,JP,08/10/20,78.13
236,toora-khem,52.47,96.11,51.21,73,0,0.96,RU,08/10/20,51.21
237,neiafu,-18.65,-173.98,73.4,73,40,8.05,TO,08/10/20,73.4
238,kununurra,-15.77,128.73,62.6,48,67,4.32,AU,08/10/20,62.6
239,karbinci,41.82,22.24,87.8,40,20,2.24,MK,08/10/20,87.8
240,kastamonu,41.5,33.67,63.7,67,79,5.14,TR,08/10/20,63.7
241,alice springs,-23.7,133.88,60.8,29,0,9.17,AU,08/10/20,60.8
242,lieksa,63.32,30.02,53.64,88,100,13.47,FI,08/10/20,53.64
243,mana,5.66,-53.78,84.31,74,13,10.87,GF,08/10/20,84.31
244,vila franca do campo,37.72,-25.43,75.2,69,75,12.75,PT,08/10/20,75.2
245,yala,6.33,101.25,76.03,91,100,2.35,TH,08/10/20,76.03
246,san jose,37.34,-121.89,75.0,62,8,1.99,US,08/10/20,71.56
247,wicklow,53.0,-6.42,62.01,93,75,9.17,IE,08/10/20,61.02
248,abbeville,50.1,1.83,86.0,59,46,5.46,FR,08/10/20,83.97
249,faya,18.39,42.45,71.6,82,75,5.82,SA,08/10/20,69.8
250,carutapera,-1.2,-46.02,85.42,64,60,8.84,BR,08/10/20,85.42
251,pacific grove,36.62,-121.92,62.6,77,90,3.31,US,08/10/20,59.45
252,martapura,-3.42,114.85,78.8,94,90,3.36,ID,08/10/20,78.8
253,tevriz,57.51,72.4,66.0,91,58,7.2,RU,08/10/20,66.0
254,phra phutthabat,14.73,100.8,84.0,79,100,8.66,TH,08/10/20,83.08
255,wanning,18.8,110.4,83.28,83,57,9.44,CN,08/10/20,83.28
256,namtsy,62.72,129.67,53.6,71,0,8.95,RU,08/10/20,53.6
257,mazagao,-0.12,-51.29,91.4,63,40,8.05,BR,08/10/20,91.4
258,seguela,7.96,-6.67,80.26,71,70,7.74,CI,08/10/20,80.26
259,rawson,-43.3,-65.1,44.94,54,55,36.48,AR,08/10/20,44.94
260,bonthe,7.53,-12.51,79.54,72,90,12.97,SL,08/10/20,79.54
261,miandrivazo,-19.52,45.47,74.82,60,86,3.22,MG,08/10/20,74.82
262,touros,-5.2,-35.46,82.4,61,40,16.11,BR,08/10/20,82.4
263,alofi,-19.06,-169.92,69.8,83,40,6.93,NU,08/10/20,69.8
264,oussouye,12.48,-16.55,78.8,94,40,9.17,SN,08/10/20,77.88
265,cabedelo,-6.98,-34.83,80.6,65,75,17.22,BR,08/10/20,80.6
266,grand gaube,-20.01,57.66,68.0,67,78,1.99,MU,08/10/20,68.0
267,palana,59.12,159.97,49.39,69,100,6.76,RU,08/10/20,49.39
268,adrar,20.5,-10.07,108.09,13,42,1.74,MR,08/10/20,108.09
269,ust-ilimsk,58.0,102.66,61.93,59,12,2.26,RU,08/10/20,61.93
270,torbay,47.67,-52.73,84.0,57,20,11.41,CA,08/10/20,80.49
271,kushiro,42.98,144.37,65.25,95,21,5.99,JP,08/10/20,65.25
272,tuktoyaktuk,69.45,-133.04,46.4,81,75,8.05,CA,08/10/20,46.4
273,florianopolis,-27.61,-48.5,78.8,50,4,10.29,BR,08/10/20,75.79
274,saldanha,-33.01,17.94,60.8,59,0,3.36,ZA,08/10/20,60.8
275,hualmay,-11.1,-77.61,66.45,64,49,9.69,PE,08/10/20,66.45
276,vawkavysk,53.16,24.45,78.8,41,40,8.95,BY,08/10/20,78.8
277,yendi,9.44,-0.01,84.18,66,73,6.71,GH,08/10/20,84.18
278,hennebont,47.81,-3.27,82.99,61,23,9.17,FR,08/10/20,81.95
279,elizabeth city,36.29,-76.25,91.99,62,1,5.82,US,08/10/20,88.43
280,nicoya,10.15,-85.45,84.2,74,75,4.7,CR,08/10/20,84.2
281,tessalit,20.2,1.01,105.06,9,0,12.35,ML,08/10/20,105.06
282,oktyabrskiy,54.48,53.47,58.64,74,100,8.12,RU,08/10/20,58.64
283,sao filipe,14.9,-24.5,77.16,79,26,8.28,CV,08/10/20,77.16
284,portree,57.41,-6.19,64.99,69,95,8.01,GB,08/10/20,64.99
285,soe,-9.86,124.28,63.72,100,63,3.58,ID,08/10/20,63.72
286,impfondo,1.64,18.07,80.56,64,100,1.48,CG,08/10/20,80.56
287,puerto colombia,10.99,-74.95,89.6,66,40,4.7,CO,08/10/20,89.6
288,aklavik,68.22,-135.01,46.4,87,90,8.05,CA,08/10/20,46.4
289,tongren,27.72,109.19,77.2,89,4,0.89,CN,08/10/20,77.2
290,bisho,-32.85,27.44,51.19,60,0,3.47,ZA,08/10/20,51.19
291,niquelandia,-14.47,-48.46,96.6,18,0,1.77,BR,08/10/20,96.6
292,kichera,55.94,110.1,58.32,70,74,1.41,RU,08/10/20,58.32
293,george town,5.41,100.34,84.2,88,20,5.93,MY,08/10/20,83.07
294,dukat,62.55,155.55,52.84,74,70,7.0,RU,08/10/20,52.84
295,kilindoni,-7.91,39.67,75.29,77,8,11.45,TZ,08/10/20,75.29
296,uribia,11.71,-72.27,94.55,41,99,23.85,CO,08/10/20,94.55
297,san policarpo,12.18,125.51,81.57,84,100,6.91,PH,08/10/20,81.57
298,gejiu,23.31,103.16,60.51,100,81,2.57,CN,08/10/20,60.51
299,kundiawa,-6.02,144.97,61.7,79,100,1.48,PG,08/10/20,61.7
300,kizilskoye,52.73,58.89,59.63,85,87,13.35,RU,08/10/20,59.63
301,port lincoln,-34.73,135.87,53.76,79,100,19.24,AU,08/10/20,53.76
302,bartoszyce,54.25,20.81,71.35,83,94,9.78,PL,08/10/20,71.35
303,boa vista,2.82,-60.67,86.0,66,75,4.7,BR,08/10/20,86.0
304,goderich,43.75,-81.72,84.0,76,25,7.0,CA,08/10/20,81.63
305,berberati,4.26,15.79,72.93,92,100,1.66,CF,08/10/20,72.93
306,whitehorse,60.72,-135.05,48.2,93,75,13.87,CA,08/10/20,47.84
307,jining,35.41,116.58,77.25,92,0,4.9,CN,08/10/20,77.25
308,fougamou,-1.22,10.58,81.88,55,96,6.08,GA,08/10/20,81.88
309,los llanos de aridane,28.66,-17.92,77.0,73,20,17.22,ES,08/10/20,72.75
310,baruun-urt,46.68,113.28,56.97,80,21,5.68,MN,08/10/20,56.97
311,iquique,-20.22,-70.14,62.6,63,75,9.17,CL,08/10/20,62.6
312,bayan,46.08,127.4,73.0,82,20,4.03,CN,08/10/20,73.0
313,arica,-18.48,-70.3,60.8,77,90,6.93,CL,08/10/20,60.8
314,sibolga,1.74,98.78,78.24,76,45,3.89,ID,08/10/20,78.24
315,poum,-20.23,164.02,72.54,81,100,13.2,NC,08/10/20,72.54
316,korla,41.76,86.15,72.7,49,0,17.02,CN,08/10/20,72.7
317,rantepao,-2.97,119.9,66.54,90,14,1.9,ID,08/10/20,66.54
318,karakol,42.49,78.39,59.11,54,4,2.26,KG,08/10/20,59.11
319,corinto,37.94,22.96,84.0,47,0,5.99,GR,08/10/20,84.0
320,east london,-33.02,27.91,63.27,60,0,15.93,ZA,08/10/20,63.27
321,san lawrenz,36.06,14.2,87.8,45,0,6.93,MT,08/10/20,86.04
322,itarema,-2.92,-39.92,87.4,51,0,17.74,BR,08/10/20,87.4
323,rio verde de mato grosso,-18.92,-54.84,92.57,18,0,6.98,BR,08/10/20,92.57
324,chase,50.82,-119.69,69.01,62,7,3.29,CA,08/10/20,69.01
325,suihua,46.64,127.0,66.43,96,3,6.91,CN,08/10/20,66.43
326,shakhtinsk,49.71,72.59,64.4,77,40,6.71,KZ,08/10/20,64.4
327,mehamn,71.04,27.85,50.0,87,75,16.11,NO,08/10/20,50.0
328,camacupa,-12.02,17.48,73.65,20,0,4.59,AO,08/10/20,73.65
329,vizinga,61.07,50.1,53.26,84,48,4.14,RU,08/10/20,53.26
330,amga,60.9,131.96,54.68,93,67,2.64,RU,08/10/20,54.68
331,bulaevo,54.91,70.44,64.36,83,62,4.14,KZ,08/10/20,64.36
332,bairiki,1.33,172.98,80.6,83,40,8.05,KI,08/10/20,80.6
333,necochea,-38.55,-58.74,53.01,56,0,11.01,AR,08/10/20,53.01
334,ouro preto do oeste,-10.75,-62.22,98.62,23,0,5.41,BR,08/10/20,98.62
335,zhireken,52.82,117.31,54.72,94,100,4.05,RU,08/10/20,54.72
336,tyrma,50.08,132.17,59.81,95,61,2.28,RU,08/10/20,59.81
337,ossora,59.24,163.07,48.83,90,83,5.06,RU,08/10/20,48.83
338,sorong,-0.88,131.25,78.66,85,99,6.91,ID,08/10/20,78.66
339,santa cruz,-17.8,-63.17,87.8,48,20,23.04,BO,08/10/20,86.68
340,ust-tsilma,65.44,52.15,49.23,91,75,4.12,RU,08/10/20,49.23
341,nairobi,-1.28,36.82,68.0,68,75,9.17,KE,08/10/20,68.0
342,muisne,0.6,-80.03,80.6,78,20,6.93,EC,08/10/20,80.6
343,prince rupert,54.32,-130.32,55.4,93,90,3.36,CA,08/10/20,55.4
344,seminole,28.71,-81.21,95.0,55,1,5.82,US,08/10/20,91.8
345,tautira,-17.73,-149.15,75.2,73,75,4.7,PF,08/10/20,75.09
346,vao,-22.67,167.48,69.58,87,100,7.47,NC,08/10/20,69.58
347,berlevag,70.86,29.09,50.0,93,75,19.46,NO,08/10/20,49.33
348,ballina,-28.87,153.57,57.2,58,40,11.41,AU,08/10/20,56.05
349,uchaly,54.3,59.45,57.43,93,58,10.87,RU,08/10/20,57.43
350,tubuala,9.52,-79.03,82.99,83,40,6.93,PA,08/10/20,82.56
351,langham,52.37,-106.97,69.01,42,75,13.87,CA,08/10/20,68.36
352,santa rosalia,27.32,-112.28,87.8,64,0,9.48,MX,08/10/20,87.8
353,baturaja,-4.13,104.17,75.63,95,64,1.88,ID,08/10/20,75.63
354,pabna,24.0,89.25,82.63,88,100,8.59,BD,08/10/20,82.63
355,turukhansk,65.82,87.98,55.99,81,0,8.34,RU,08/10/20,55.99
356,belousovka,50.13,82.52,68.0,64,40,8.95,KZ,08/10/20,68.0
357,samarai,-10.62,150.67,78.03,89,37,9.57,PG,08/10/20,78.03
358,atar,20.52,-13.05,105.98,19,1,3.87,MR,08/10/20,105.98
359,agirish,61.92,63.02,50.79,96,100,11.34,RU,08/10/20,50.79
360,manokwari,-0.87,134.08,79.66,73,6,2.17,ID,08/10/20,79.66
361,mastung,29.8,66.84,81.28,33,7,5.73,PK,08/10/20,81.28
362,colina,-20.71,-48.54,83.32,26,0,5.32,BR,08/10/20,83.32
363,big bend,-26.82,31.93,71.6,49,0,9.17,SZ,08/10/20,71.6
364,rocha,-34.48,-54.33,67.91,66,16,11.54,UY,08/10/20,67.91
365,leshukonskoye,64.9,45.76,50.9,78,50,4.59,RU,08/10/20,50.9
366,feijo,-8.16,-70.35,98.13,32,0,2.15,BR,08/10/20,98.13
367,twin falls,42.56,-114.46,70.0,32,1,14.99,US,08/10/20,68.63
368,centralina,-18.58,-49.2,87.12,25,0,3.13,BR,08/10/20,87.12
369,broome,42.25,-75.83,86.0,61,20,3.36,US,08/10/20,83.46
370,sovetsk,55.08,21.88,73.38,78,100,5.03,RU,08/10/20,73.38
371,olinda,-8.01,-34.86,82.4,61,40,14.99,BR,08/10/20,82.4
372,yulara,-25.24,130.99,64.4,77,90,6.93,AU,08/10/20,64.4
373,alugan,12.22,125.48,81.07,85,99,6.73,PH,08/10/20,81.07
374,ola,59.58,151.28,49.64,84,0,0.56,RU,08/10/20,49.64
375,amapa,1.0,-52.0,87.58,62,10,5.82,BR,08/10/20,87.58
376,ylivieska,64.08,24.55,62.01,71,17,1.99,FI,08/10/20,60.4
377,nurota,40.56,65.69,84.2,21,9,6.93,UZ,08/10/20,84.2
378,kunya,12.22,8.53,77.0,78,40,9.17,NG,08/10/20,77.0
379,fairbanks,64.84,-147.72,53.6,87,1,4.7,US,08/10/20,51.28
380,hit,33.64,42.83,91.99,18,12,9.69,IQ,08/10/20,91.99
381,tuatapere,-46.13,167.68,46.99,91,66,10.0,NZ,08/10/20,46.99
382,horqueta,-23.34,-57.06,93.96,18,0,8.66,PY,08/10/20,93.96
383,kokopo,-4.35,152.26,76.26,84,14,4.97,PG,08/10/20,76.26
384,hambantota,6.12,81.12,80.56,77,81,15.61,LK,08/10/20,80.56
385,igrim,63.19,64.42,51.55,94,100,10.02,RU,08/10/20,51.55
386,guadalupe y calvo,26.1,-106.97,76.57,41,24,0.56,MX,08/10/20,76.57
387,altay,47.87,88.12,63.36,50,12,5.84,CN,08/10/20,63.36
388,passos,-20.72,-46.61,80.31,32,16,3.69,BR,08/10/20,80.31
389,santiago de las vegas,22.97,-82.39,87.8,62,20,9.17,CU,08/10/20,87.39
390,denpasar,-8.65,115.22,78.8,100,40,11.41,ID,08/10/20,78.8
391,san angelo,31.46,-100.44,91.0,40,1,20.8,US,08/10/20,89.55
392,ponta delgada,37.73,-25.67,75.2,69,75,12.75,PT,08/10/20,75.2
393,dingle,11.0,122.67,77.94,84,98,3.62,PH,08/10/20,77.94
394,acarau,-2.89,-40.12,88.74,47,2,15.93,BR,08/10/20,88.74
395,galesong,-5.32,119.37,77.0,94,20,1.12,ID,08/10/20,77.0
396,aberdeen,57.14,-2.1,64.99,82,75,6.93,GB,08/10/20,62.71
397,guerrero negro,27.98,-114.06,79.93,48,0,10.42,MX,08/10/20,79.93
398,diamantino,-14.41,-56.45,95.68,18,0,7.78,BR,08/10/20,95.68
399,lavrentiya,65.58,-171.0,47.79,77,41,2.48,RU,08/10/20,47.79
400,leningradskiy,69.38,178.42,42.46,81,100,9.26,RU,08/10/20,42.46
401,fuling,29.7,107.39,80.65,76,20,3.36,CN,08/10/20,80.65
402,bandarbeyla,9.49,50.81,76.6,73,9,34.27,SO,08/10/20,76.6
403,knysna,-34.04,23.05,55.4,76,1,10.29,ZA,08/10/20,55.4
404,iqaluit,63.75,-68.51,39.2,86,75,8.05,CA,08/10/20,39.09
405,san patricio,19.22,-104.7,87.8,74,40,6.06,MX,08/10/20,87.8
406,quepos,9.42,-84.17,78.8,65,43,9.17,CR,08/10/20,77.86
407,mountain home,43.13,-115.69,73.4,27,1,13.87,US,08/10/20,73.4
408,ixtapa,20.7,-105.2,84.2,79,75,5.82,MX,08/10/20,84.2
409,isla vista,34.41,-119.86,69.01,100,90,4.7,US,08/10/20,61.27
410,analipsis,35.32,25.57,82.0,69,40,17.22,GR,08/10/20,79.83
411,veraval,20.9,70.37,82.35,84,94,16.89,IN,08/10/20,82.35
412,enshi,30.3,109.48,76.55,83,12,0.31,CN,08/10/20,76.55
413,tahta,26.77,31.5,102.2,29,100,8.05,EG,08/10/20,101.26
414,marstal,54.86,10.52,82.4,57,2,11.41,DK,08/10/20,80.35
415,hargeysa,9.56,44.06,79.43,48,62,4.59,SO,08/10/20,79.43
416,lendava,46.56,16.45,90.0,45,12,1.28,SI,08/10/20,89.01
417,general roca,-39.03,-67.58,48.2,31,45,13.87,AR,08/10/20,48.2
418,kedgwick,47.64,-67.34,80.71,50,3,6.93,CA,08/10/20,80.71
419,marzuq,14.4,46.47,91.99,21,95,4.68,YE,08/10/20,91.99
420,comodoro rivadavia,-45.87,-67.5,46.4,31,56,23.04,AR,08/10/20,46.4
421,makokou,0.57,12.86,78.6,66,98,2.66,GA,08/10/20,78.6
422,bumba,2.18,22.47,75.56,90,76,2.84,CD,08/10/20,75.56
423,bilma,18.69,12.92,101.7,18,40,9.89,NE,08/10/20,101.7
424,ulaangom,49.98,92.07,63.75,65,90,1.79,MN,08/10/20,63.75
425,sidi ali,36.1,0.42,94.33,21,83,18.3,DZ,08/10/20,94.33
426,ippy,6.27,21.22,72.14,95,88,2.57,CF,08/10/20,72.14
427,sao paulo do potengi,-5.89,-35.76,84.2,61,40,16.11,BR,08/10/20,83.21
428,san cristobal,7.77,-72.22,89.6,43,40,20.8,VE,08/10/20,89.6
429,olafsvik,64.89,-23.71,51.53,94,100,21.81,IS,08/10/20,51.53
430,sao raimundo nonato,-9.02,-42.7,91.45,29,1,8.5,BR,08/10/20,91.45
431,spokane,47.62,-117.37,71.01,48,1,4.94,US,08/10/20,68.2
432,dunedin,-45.87,170.5,46.0,69,43,13.0,NZ,08/10/20,46.0
433,dubbo,-32.25,148.62,39.2,93,0,10.29,AU,08/10/20,39.2
434,rakovnik,50.1,13.73,84.0,77,20,2.24,CZ,08/10/20,75.0
435,sakakah,29.97,40.21,93.2,15,0,13.87,SA,08/10/20,93.2
436,olavarria,-36.89,-60.32,55.0,38,0,8.99,AR,08/10/20,55.0
437,constitucion,-35.33,-72.42,53.78,58,2,13.65,CL,08/10/20,53.78
438,springfield,37.22,-93.3,90.0,62,1,13.87,US,08/10/20,88.93
439,hoquiam,46.98,-123.89,61.0,100,90,6.93,US,08/10/20,59.2
440,buchanan,5.88,-10.05,80.6,78,75,8.05,LR,08/10/20,80.6
441,dakar,14.69,-17.44,86.0,70,40,9.17,SN,08/10/20,86.0
442,camacha,33.08,-16.33,78.8,61,20,12.75,PT,08/10/20,78.8
443,wewak,-3.55,143.63,77.9,82,23,1.66,PG,08/10/20,77.9
444,bitung,1.45,125.18,75.2,94,20,2.24,ID,08/10/20,75.2
445,igarka,67.47,86.58,51.26,86,65,4.45,RU,08/10/20,51.26
446,zapolyarnyy,69.42,30.81,53.6,71,75,23.04,RU,08/10/20,53.6
447,nanortalik,60.14,-45.24,43.61,73,1,16.26,GL,08/10/20,43.61
448,esperance,-33.87,121.9,55.4,87,75,14.99,AU,08/10/20,55.4
449,muros,42.78,-9.06,75.0,68,98,11.99,ES,08/10/20,75.0
450,galle,6.04,80.22,79.5,87,88,9.22,LK,08/10/20,79.5
451,namatanai,-3.67,152.43,78.66,77,51,2.21,PG,08/10/20,78.66
452,yakeshi,49.28,120.73,55.2,88,69,1.39,CN,08/10/20,55.2
453,lompoc,34.64,-120.46,60.8,100,0,3.36,US,08/10/20,56.86
454,ambilobe,-13.2,49.05,68.85,79,71,3.06,MG,08/10/20,68.85
455,honiara,-9.43,159.95,77.0,94,40,2.24,SB,08/10/20,77.0
456,nakusp,50.25,-117.8,59.0,76,22,3.0,CA,08/10/20,59.0
457,druskininkai,54.02,23.97,78.8,41,40,8.95,LT,08/10/20,78.8
458,ostrovnoy,68.05,39.51,49.75,81,99,10.71,RU,08/10/20,49.75
459,santa barbara,34.42,-119.7,55.4,100,90,4.7,US,08/10/20,55.4
460,mahibadhoo,3.78,72.97,82.83,78,100,11.39,MV,08/10/20,82.83
461,vanavara,60.34,102.28,60.37,64,3,2.19,RU,08/10/20,60.37
462,najran,17.49,44.13,95.0,16,40,9.17,SA,08/10/20,95.0
463,harper,4.38,-7.72,77.88,78,70,10.96,LR,08/10/20,77.88
464,khani,41.96,42.96,77.0,94,75,8.05,GE,08/10/20,77.0
465,taywarah,33.35,64.42,57.74,34,0,9.6,AF,08/10/20,57.74
466,saint-pierre,-21.34,55.48,66.2,63,75,4.7,RE,08/10/20,62.53
467,houston,29.76,-95.36,93.0,55,40,9.17,US,08/10/20,91.71
468,la palma,33.85,-118.05,72.0,68,20,6.93,US,08/10/20,69.96
469,biltine,14.53,20.92,80.08,66,84,8.48,TD,08/10/20,80.08
470,trairi,-3.28,-39.27,86.94,50,0,15.86,BR,08/10/20,86.94
471,phetchaburi,12.97,99.58,76.95,80,100,3.51,TH,08/10/20,76.95
472,fredericksburg,38.3,-77.46,93.0,66,40,2.98,US,08/10/20,90.57
473,havoysund,71.0,24.66,51.8,76,75,17.22,NO,08/10/20,50.92
474,mabaruma,8.2,-59.78,83.21,89,71,4.07,GY,08/10/20,83.21
475,porbandar,21.64,69.61,84.2,79,75,11.41,IN,08/10/20,84.2
476,hurghada,27.26,33.81,100.4,18,100,11.41,EG,08/10/20,100.4
477,molteno,-31.4,26.36,43.95,55,0,6.38,ZA,08/10/20,43.95
478,sambava,-14.27,50.17,70.34,79,11,13.6,MG,08/10/20,70.34
479,takoradi,4.88,-1.76,76.17,80,87,11.81,GH,08/10/20,76.17
480,muzhi,65.37,64.67,50.11,95,99,8.66,RU,08/10/20,50.11
481,hobyo,5.35,48.53,75.7,73,34,29.66,SO,08/10/20,75.7
482,kimbe,-5.55,150.14,75.22,89,97,2.37,PG,08/10/20,75.22
483,chara,56.91,118.26,56.57,73,66,5.21,RU,08/10/20,56.57
484,torata,-17.08,-70.84,69.26,19,0,8.34,PE,08/10/20,69.26
485,shubarkuduk,49.14,56.49,61.56,63,36,9.89,KZ,08/10/20,61.56
486,ust-kalmanka,52.12,83.31,65.82,75,84,8.08,RU,08/10/20,65.82
487,payo,-3.75,103.64,75.34,88,77,2.37,ID,08/10/20,75.34
488,paamiut,61.99,-49.67,40.57,82,0,18.59,GL,08/10/20,40.57
489,conde,-7.26,-34.91,80.6,65,75,17.22,BR,08/10/20,80.6
490,kenora,49.82,-94.43,69.8,43,20,18.34,CA,08/10/20,69.39
491,kumluca,36.37,30.29,80.38,72,0,5.03,TR,08/10/20,80.38
492,chuguyevka,44.17,133.86,69.17,90,98,4.16,RU,08/10/20,69.17
493,montepuez,-13.13,39.0,72.46,43,37,6.26,MZ,08/10/20,72.46
494,sindor,62.86,51.89,51.84,81,64,3.09,RU,08/10/20,51.84
495,norfolk,42.17,-71.25,91.99,46,1,4.7,US,08/10/20,90.12
496,richards bay,-28.78,32.04,63.36,59,0,5.7,ZA,08/10/20,63.36
497,zacapoaxtla,19.88,-97.58,70.75,69,25,5.75,MX,08/10/20,70.75
498,xai-xai,-25.05,33.64,65.91,70,0,9.71,MZ,08/10/20,65.91
499,arman,59.7,150.17,50.63,83,0,2.93,RU,08/10/20,50.63
500,valparaiso,-33.04,-71.63,64.4,62,99,17.22,CL,08/10/20,59.0
501,ridgecrest,35.62,-117.67,90.0,21,1,3.38,US,08/10/20,88.45
502,alenquer,-1.94,-54.74,89.6,66,20,11.41,BR,08/10/20,89.6
503,bethalto,38.91,-90.04,91.0,70,20,9.17,US,08/10/20,90.41
504,sawtell,-30.38,153.1,59.0,62,90,19.46,AU,08/10/20,58.08
505,port hedland,-20.32,118.57,68.0,77,40,10.29,AU,08/10/20,68.0
506,wad madani,14.4,33.52,84.7,60,58,8.48,SD,08/10/20,84.7
507,kahului,20.89,-156.47,78.8,65,40,12.75,US,08/10/20,76.14
508,beyneu,45.32,55.2,75.88,29,0,14.34,KZ,08/10/20,75.88
509,sitka,57.05,-135.33,55.4,87,90,13.87,US,08/10/20,55.4
510,istok,42.78,20.49,82.4,39,20,8.05,XK,08/10/20,82.4
511,valencia,39.33,-0.83,84.0,63,90,8.99,ES,08/10/20,83.68
512,awjilah,29.11,21.29,94.86,22,0,9.13,LY,08/10/20,94.86
513,buala,-8.14,159.59,80.64,78,93,6.87,SB,08/10/20,80.64
514,seddon,-37.81,144.89,45.0,81,0,8.05,AU,08/10/20,41.0
515,playa del carmen,20.63,-87.08,89.01,74,75,8.05,MX,08/10/20,88.43
516,salalah,17.02,54.09,78.8,88,90,4.7,OM,08/10/20,78.8
517,tibu,8.64,-72.74,91.36,54,95,3.38,CO,08/10/20,91.36
518,huarmey,-10.07,-78.15,66.52,65,56,9.69,PE,08/10/20,66.52
519,ulladulla,-35.35,150.47,48.2,100,90,5.82,AU,08/10/20,46.02
520,kjollefjord,70.95,27.35,50.0,87,75,16.11,NO,08/10/20,50.0
521,road town,18.42,-64.62,89.6,59,40,10.29,VG,08/10/20,85.6
522,saint-joseph,-21.37,55.62,66.2,63,75,4.7,RE,08/10/20,61.72
523,nelson bay,-32.72,152.15,54.0,93,75,11.41,AU,08/10/20,52.77
524,potsdam,52.4,13.07,82.0,62,90,1.99,DE,08/10/20,78.58
525,cairns,-16.92,145.77,62.6,77,40,8.05,AU,08/10/20,60.75
526,santiago,-33.46,-70.65,57.0,81,76,4.38,CL,08/10/20,51.06
527,waipawa,-41.41,175.52,53.6,76,1,19.46,NZ,08/10/20,52.11
528,touho,-20.78,165.23,73.02,83,98,6.08,NC,08/10/20,73.02
529,jonesboro,35.84,-90.7,93.99,52,1,14.99,US,08/10/20,91.92
530,anajatuba,-3.26,-44.62,95.23,34,70,5.28,BR,08/10/20,95.23
531,karratha,-20.74,116.85,66.81,70,0,9.46,AU,08/10/20,66.81
532,pyinmana,19.73,96.22,76.14,92,100,4.54,MM,08/10/20,76.14
533,lamar,33.67,-95.58,93.99,65,0,4.0,US,08/10/20,92.23
534,berdigestyakh,62.1,126.7,49.55,81,0,4.45,RU,08/10/20,49.55
535,torrington,41.8,-73.12,88.0,61,0,3.0,US,08/10/20,87.04
536,haimen,23.19,116.61,82.4,83,99,4.47,CN,08/10/20,82.4
537,zheleznogorsk,52.33,35.37,66.81,66,74,5.14,RU,08/10/20,66.81
538,flin flon,54.77,-101.86,62.6,72,90,19.46,CA,08/10/20,62.6
539,batagay-alyta,67.8,130.41,41.29,70,96,2.3,RU,08/10/20,41.29
540,aguimes,27.91,-15.45,82.0,65,20,35.57,ES,08/10/20,80.22
541,husavik,66.04,-17.34,64.4,63,75,12.75,IS,08/10/20,64.4
542,port blair,11.67,92.75,82.17,85,100,13.11,IN,08/10/20,82.17
543,kirensk,57.79,108.11,60.24,66,86,3.96,RU,08/10/20,60.24
544,grindavik,63.84,-22.43,51.8,100,90,25.28,IS,08/10/20,51.8
545,novouzensk,50.46,48.14,67.96,50,38,9.15,RU,08/10/20,67.96
546,suntar,62.14,117.63,52.05,84,36,1.41,RU,08/10/20,52.05
547,george,-33.96,22.46,55.4,76,1,10.29,ZA,08/10/20,55.4
548,sioux lookout,50.1,-91.92,69.8,49,40,10.29,CA,08/10/20,69.8
549,kerema,-7.96,145.78,76.71,89,36,2.51,PG,08/10/20,76.71
550,half moon bay,37.46,-122.43,70.0,82,75,5.64,US,08/10/20,66.69
551,broken hill,-31.95,141.43,50.0,76,92,8.05,AU,08/10/20,50.0
552,kaiyuan,23.7,103.3,68.68,82,87,3.44,CN,08/10/20,68.68
553,kambove,-10.88,26.6,65.68,28,0,3.09,CD,08/10/20,65.68
